{
  "products": [
    {
      "id": 1,
      "name": "Product001",
      "cost": 10,
      "quantity": 1000,
      "locationId": 1,
      "familyId": 1
    },
    {
      "id": 2,
      "name": "Product002",
      "cost": 20,
      "quantity": 2000,
      "locationId": 1,
      "familyId": 2
    },
    {
      "id": 3,
      "name": "Product003",
      "cost": 30,
      "quantity": 3000,
      "locationId": 3,
      "familyId": 2
    },
    {
      "id": 4,
      "name": "Product004",
      "cost": 40,
      "quantity": 4000,
      "locationId": 2,
      "familyId": 3
    },
    {
      "id": 5
    },
    {
      "id": 6
    },
    {
      "id": 7
    },
    {
      "id": 8
    },
    {
      "id": 9
    },
    {
      "id": 10
    },
    {
      "id": 11
    },
    {
      "id": 12
    },
    {
      "id": 13
    },
    {
      "id": 14
    },
    {
      "id": 15
    },
    {
      "id": 16
    },
    {
      "id": 17
    },
    {
      "id": 18
    }
  ],
  "locations": [
    {
      "id": 1,
      "name": "Location001"
    },
    {
      "id": 2,
      "name": "Location002"
    },
    {
      "id": 3,
      "name": "Location003"
    }
  ],
  "families": [
    {
      "id": 1,
      "name": "FM001"
    },
    {
      "id": 2,
      "name": "FM002"
    },
    {
      "id": 3,
      "name": "FM003"
    }
  ],
  "transactions": [
    {
      "id": 1,
      "cost": 11,
      "quantity": 10,
      "productId": 1
    },
    {
      "id": 2,
      "cost": 12,
      "quantity": 100,
      "productId": 2
    },
    {
      "id": 3,
      "cost": 15,
      "quantity": 101,
      "productId": 3
    }
  ],
  "movies": [
    {
      "name": "Banshee",
      "description": "fffff ffffff fffff ",
      "creator": "nilson10@email.com",
      "genre": "Action",
      "releaseDate": "2022-06-01",
      "id": 5
    },
    {
      "name": "Avenger",
      "description": "aaaaaa aaaaaaaaa aaaa",
      "creator": "nilson10@email.com",
      "genre": "Action",
      "releaseDate": "2022-03-09",
      "id": 6
    },
    {
      "name": "Test",
      "description": "ffffffff ffffffffff fff",
      "creator": "techie@email.com",
      "genre": "Action",
      "releaseDate": "2022-06-17",
      "id": 7
    }
  ]
}